series1,series2,series3,series4,series5,series6,series7,series8,series9,series10
599.555798791,598.024173631,593.465286475,606.643165432,607.18281639,616.252026636,603.146458402,613.05196763,589.80428912,584.892870298
568.009729674,599.729129,587.204691583,586.371983422,583.872669007,608.630685469,535.522775432,592.975512705,591.063210489,587.982578329
572.450208031,584.496655119,583.597233793,596.770313097,583.058481418,601.473598111,530.646280537,588.330111983,591.427518449,575.767664449
581.189790904,571.210413483,586.813465791,573.1455948,568.002317199,603.367047206,509.037786832,577.423009287,590.211088656,566.064451056
545.575520635,572.143721571,599.186896345,594.544681823,600.188479891,614.715121849,522.751069272,590.425076167,579.245111386,554.519542848
567.226654851,590.454619952,598.690025693,595.596831921,570.971317694,601.457856136,483.280743126,567.686458486,580.851987242,556.941127197
572.691068807,574.967092105,586.525114716,583.401818049,564.031147974,590.001912548,487.244273071,571.544133986,594.203600924,571.764078337
559.991415688,577.938351424,575.862558922,573.853998899,574.109518967,593.437586728,467.713627592,577.281628002,585.347254246,543.207848685
560.672990277,578.8902513,584.058216319,576.182495872,571.68388244,576.658058211,483.21790349,566.223144549,582.230084995,546.204556193
571.479723943,582.536736208,590.597579188,585.709408349,590.996259872,601.68545836,464.425111581,554.775976413,551.532723597,538.113002454
551.129853563,581.969090747,590.213031883,590.83204916,584.56392004,581.345952694,464.268279718,555.242458876,562.980048135,549.933070601
543.810190516,594.195974697,568.596924275,577.899610434,568.197980149,583.837222084,445.668181681,554.301453434,573.467227313,519.366446652
553.568229992,575.524521779,567.797268635,582.110360594,554.507873888,581.330319874,462.620278464,540.266660966,556.093420573,521.61684412
550.546055833,587.452300068,565.835392273,562.39259861,555.093763611,586.814628735,467.386630244,568.807835472,587.182928231,529.767838913
524.515837767,576.032488424,566.454392254,568.454883038,560.168200507,575.693787129,468.037475167,558.174511632,551.778432948,526.963796018
549.361320217,593.588795045,568.568529024,562.645169022,559.744461987,586.783572568,461.105593373,536.527935005,551.041335485,511.916588565
548.995707998,568.187242545,551.198372971,569.57880197,542.536178376,561.638229751,473.278541455,532.909653772,540.624808775,533.229409412
515.697938267,559.792801084,573.806228321,555.682483325,574.538840774,578.00237205,425.726177512,544.866051518,554.029618474,530.759236547
531.614884169,553.693244271,557.614299425,554.417678547,552.355404753,578.101166357,441.72965702,524.061325595,538.522389477,536.289503561
525.003995793,545.99642409,551.979328055,561.278303914,547.718531723,576.138968935,438.696467148,524.061915544,537.3466947,528.980766672
529.680197836,554.201281106,542.145167931,537.706357346,556.36252315,565.793060446,431.215845061,534.264916663,525.017123952,518.923524154
529.118290949,558.450866604,572.636514707,559.685066077,570.084825952,559.208352104,443.52228598,514.605763249,530.414040025,514.382594497
536.669226273,547.931335655,536.619490257,562.157098995,549.795667259,575.540041946,441.031001961,521.27224422,549.809305742,500.305323579
521.444700878,547.69480766,538.686489553,564.323623957,560.249642366,557.705324295,432.304509836,530.498238662,533.916610003,500.99074523
501.082491129,546.984561168,558.873899734,539.134719889,541.121745577,564.452707868,418.982936711,508.122448637,523.07169075,498.867445996
522.393391282,554.909410021,542.090336631,550.233538809,545.622697645,532.388674411,415.530847509,508.485917766,528.386212527,501.921958584
501.598368832,549.352795024,558.172458561,537.109225957,509.735613835,549.587736904,402.077659878,516.031383437,536.643626556,496.700731913
523.545036301,545.49459368,535.164208077,531.638384311,542.173408946,537.771966475,434.617711839,506.968297451,534.41536168,485.081926174
517.768756373,541.484846995,525.626409441,535.527316165,533.550354422,542.654295842,399.526262604,515.162369181,539.02215657,512.143308221
502.691200962,523.930037916,544.170322301,551.854740498,536.188327389,555.638491877,403.822130372,517.586098001,536.442342682,501.643612381
500.375761631,544.040971234,520.557516299,530.791403699,537.448610406,528.172659781,405.574816004,503.880141089,530.949418292,484.193118142
509.84833971,515.299994289,529.062002649,541.622980736,540.685309354,556.272933249,414.963081919,502.036046467,525.000450229,485.544168446
481.723222103,510.260742404,512.819321415,523.160901804,519.006157539,536.753836146,416.07457293,499.278980012,529.203404596,480.474246929
503.651926375,538.19432742,527.460123388,519.091389603,519.96773329,541.833851814,399.19235736,501.563388803,520.930119989,477.886292916
500.248938241,532.673196562,517.864252258,538.185998245,531.631697088,540.423458193,407.091379982,508.132610904,517.332838587,472.662685048
489.605331347,532.553194397,519.129043051,541.941843389,528.958471893,521.748325798,400.120725489,485.563927608,535.780269462,472.165916931
487.125321384,536.276342661,520.344708918,536.517534592,523.086566869,549.987797882,396.805588281,498.387093017,486.102135874,455.27876614
507.474719881,520.578407689,511.524756644,516.903652674,529.352100188,537.285344709,394.689117773,495.816760658,503.491071838,460.852820819
482.618815681,524.509960874,532.440188093,526.897226296,538.526031662,535.692411374,393.540579177,483.048934537,497.289040538,449.477242801
477.702580053,512.526695337,511.494519268,509.668297941,520.682746747,516.664601406,394.81607633,484.026765684,502.943261331,475.23566548
485.490098845,534.127757393,510.807606964,519.419033715,519.707215499,515.313387814,395.065156254,485.411399973,489.774159504,457.117057889
489.90364912,526.265801075,502.358697482,523.805173565,514.730448008,526.671530485,382.209233888,481.134001766,499.78242938,466.010611194
488.41499457,531.128744047,494.878035428,508.004191216,507.409729075,521.513325421,372.267946754,485.581089466,497.026049438,446.958990852
479.601287543,510.424755772,490.763173512,514.355084487,499.815921977,520.161260691,374.187761756,483.204372128,494.318881755,458.713539863
477.063924375,528.367731748,514.579104667,495.808738808,506.976058406,515.433245142,392.349837838,472.335788127,504.462079349,480.085447463
481.665785716,499.565299986,497.975623459,499.230719966,505.626170527,515.461138113,374.824407132,469.159021115,477.815408271,457.195775761
460.254249279,510.919082456,502.267981193,516.731432532,506.082440098,518.242709859,372.509309471,491.750182324,476.142837637,462.804851012
462.253039362,483.388292147,498.824535981,517.833522636,498.675675873,509.69701623,374.96973347,476.213672023,479.358592906,451.559906804
456.797021635,504.920655364,494.731851467,506.528155906,510.341500075,519.904726726,381.004889435,471.290412353,496.367744195,421.915421582
461.91468118,501.981148318,491.2492295,499.201742736,492.63723538,517.451030469,390.548990287,480.918258598,497.611806427,451.76628102
469.208953444,497.838487458,479.913318075,482.200494045,506.789985162,506.518807984,385.44818923,457.183095361,479.438920163,428.802252008
491.516946111,500.187126383,495.139939772,497.706801719,488.211779107,539.559704784,380.360277856,456.29284975,466.964156695,452.003573195
479.062680066,487.279149245,472.882894511,500.40932721,507.028348843,493.362004821,378.662953646,452.141988749,484.734201588,443.256693399
471.10437711,490.952884268,472.516681992,479.090312987,501.700585897,506.677879528,375.849325939,469.453283292,480.218700523,456.396628756
453.829901222,490.044949391,480.664713205,491.10299149,498.388342823,483.832411679,380.906599175,444.796368982,471.755393807,451.948542155
452.816407775,485.737280288,484.6942083,477.807979746,496.263531326,497.135465324,381.739923418,441.375235781,463.290003753,426.233627012
453.92894147,481.429434749,475.890398547,485.699378734,484.994511819,496.514429336,355.070840243,444.849701617,473.252440372,433.850981013
463.869982029,482.719181048,494.935991447,490.028006091,489.307348763,493.040825152,374.494709933,453.882937116,449.229449396,432.622213242
452.35491503,476.541226463,481.035772364,477.032433868,486.290757452,490.096886933,384.842990421,453.987062443,458.567440873,434.308610513
455.048357034,491.664196628,465.539871635,479.12920228,472.902669197,487.260676214,366.740537174,430.443741411,472.116288042,419.113019092
452.387984928,467.78114337,472.236600558,470.394643418,488.585091968,507.534822619,357.466213486,450.646511162,441.930106498,432.684131103
455.143292869,478.663939964,456.235909981,474.916859368,481.944616222,499.907835235,359.875223369,454.812760481,474.073502398,435.713283189
446.369011526,486.195000989,462.939712656,489.208488231,480.945466115,483.537721777,349.06555431,428.410529391,465.438617568,432.165496587
448.122447759,467.941797415,465.854803712,470.09405863,468.148950205,499.162936046,355.991277559,439.341971152,451.014373049,435.572435577
421.402263474,468.550827496,461.297996996,472.517546211,483.490205175,462.147771045,371.803861218,437.927291227,460.64311528,417.578274315
426.436711522,477.045067199,461.864052636,461.179240581,480.981357544,485.586880915,356.248166008,450.484977653,459.225554225,414.298064392
434.279273052,457.955262185,466.819497805,473.674469209,464.544031581,471.754481528,359.919505407,437.957212451,457.505316068,410.455354218
439.635166782,480.653340966,454.392593625,457.203894637,474.196935667,498.204680552,371.43503022,458.115713968,447.939997553,409.944598333
427.527111388,467.352125727,457.480154272,467.114521195,461.823361014,452.758284426,355.099332579,439.738113886,444.623028786,409.786465594
434.619890712,482.43852764,446.561823788,462.48344466,467.021605933,465.752638588,353.913461298,435.279484277,436.468649157,413.031672748
425.048297632,464.138998688,467.685853363,458.410064963,485.4662352,482.464250752,349.835674389,429.67045086,447.645101159,399.532439822
429.299833554,452.402351483,457.358789409,466.760269424,452.910322353,467.571868297,368.773472243,426.762598201,443.772272622,424.818241153
411.47388622,453.33142897,445.723458357,450.433502973,479.863263126,482.806793048,362.878294039,409.337949368,442.914763528,406.490218251
429.677110265,468.948398011,443.493927122,448.499027477,455.324608689,466.561030496,359.654166081,439.014721225,446.124872701,396.698862877
426.69184687,446.0462431,453.624645666,458.823240576,464.08340778,464.171443334,354.807059084,433.358579052,441.090252849,412.802727116
417.988030258,470.855302384,457.25271892,447.397574907,451.830661865,471.352726631,357.804108411,428.664108156,451.606086152,391.965112664
414.161271974,445.849755178,448.846086369,441.033079182,436.553987655,455.863406759,353.751703455,429.892832999,449.411489281,394.440096412
422.484117086,446.033209192,435.734568657,435.232646386,470.924475855,445.830130641,338.315053718,434.658865841,433.485953003,395.211422417
419.437723193,426.299964765,448.834408206,433.166380592,438.067001053,472.35688237,340.578174082,407.992755963,426.491780264,406.078227136
417.02044531,437.367192001,437.397787493,440.254436088,446.593179912,454.424779634,337.139451508,403.832380146,436.512796102,394.598637503
414.312410125,449.711264095,438.439196882,448.594389841,441.362069159,456.957104135,342.895026561,410.665802967,423.155975363,399.364862939
399.894983594,445.564852293,439.296985834,425.79292911,461.787298766,454.254985733,354.496984339,400.635275134,421.835552164,386.018214869
401.621959923,443.955627372,445.644334082,428.405092351,447.179897943,439.485138383,342.416343293,420.691832622,414.574172946,398.481230516
404.116868473,435.76002635,438.154157985,445.40085497,436.859320927,463.832919239,361.098394593,414.555035623,437.409602654,404.283227668
403.491957831,438.12242362,429.217516999,434.708622055,424.11195258,459.755404824,341.095174108,399.996686578,432.655598635,388.37244696
403.864456967,449.239548632,428.798327943,425.165119961,429.184321514,435.00861276,330.9119683,403.013261403,416.052739791,372.347313183
414.668866223,418.26902609,425.807116973,418.308343244,429.905224926,443.645034751,339.543032254,408.389219678,407.226769085,400.397733036
407.892394835,442.648165637,422.852765392,430.380728981,424.838898903,444.905352856,341.793835676,391.765454691,425.078201092,365.788299944
411.737543599,437.820896649,428.419564938,431.92215105,431.591664912,441.256199531,337.082808749,396.959456271,403.608100067,377.472529554
407.380010389,422.718142696,411.027378408,437.029101308,418.026516684,447.973017037,351.971462958,406.161981881,424.535489773,366.028059823
409.083280948,421.136605473,416.256508144,412.420896722,433.6737063,452.605831331,329.016986135,406.319239373,407.521236121,391.129365038
396.084102175,406.037345798,424.926707682,424.490583824,423.686079265,438.841296589,331.246585458,409.359279031,407.085132828,380.255029366
393.577017406,416.381344212,408.415600201,434.536063507,435.239204994,431.920716481,326.072786036,398.997544661,409.996199237,389.2670759
376.265928354,427.392446215,404.772957649,431.759256357,428.535156465,425.54567289,344.751080015,394.707744931,408.664972665,373.109570088
389.714087115,420.957240256,404.611746202,417.610841342,416.39320254,437.036928422,343.763018968,406.360508829,391.061678733,389.439829407
388.084336882,437.154023704,430.935156757,424.671701841,422.445713423,422.48584779,328.511224065,399.064016995,418.204014789,380.283456068
388.575742072,434.694450914,410.264898501,418.951982318,418.164660791,415.549808137,336.083778913,390.278307808,404.079242447,375.222100677
390.550494198,414.643153918,402.654977859,410.607558862,412.331089444,429.711669421,338.14896714,396.940326171,410.327279428,373.788833595
367.452898434,393.718130859,385.5448163,420.982970728,426.109053015,430.302909886,343.854653479,385.625671521,381.176499975,363.917369049
390.140877658,405.938917672,394.388865999,401.368574473,417.997614411,426.323958735,335.138003817,386.515645495,398.932308242,391.808038472
379.541456152,393.102935484,415.537640771,396.333548535,406.048054593,419.408007654,335.794826158,390.297628348,389.353255624,375.664932938
394.777016645,411.756910076,406.737081895,400.874505549,403.280419889,429.486705405,336.734392084,394.256539739,395.192593311,361.185811144
381.04590511,397.770545937,395.85410626,409.753351477,413.539862632,428.601129097,337.81915703,381.717519004,385.210967175,344.40702796
379.578082295,403.084462616,414.689323007,396.546847629,409.912483599,407.81278706,329.417879469,389.920718605,398.824787325,371.854470501
374.580048495,409.170067455,403.580013377,409.05170828,402.743195175,421.308334605,335.610709935,378.175055725,395.125880873,372.247330618
385.031109825,420.163409667,399.29997104,417.134386269,402.311157336,404.176707653,335.975307786,373.803055243,379.175623457,367.036298972
394.136126449,417.25977934,394.378826523,401.721020773,400.537731549,421.885060753,322.516218994,374.573838922,395.320422343,374.938503165
380.356476006,417.800647429,387.450049756,423.502123571,405.515743813,411.001921637,321.463157175,377.655524395,397.147102209,352.391773543
371.92504163,385.610073099,370.521379808,402.117527293,402.351713807,394.287382457,336.261426454,369.348496419,378.122220312,361.93093752
386.216290618,373.381183088,394.368554197,399.542012976,411.099523308,399.042545177,331.29623364,385.104914411,407.148850965,356.380977868
359.835194658,412.581056563,382.024882262,403.793578854,407.057920703,423.935720533,336.392393932,388.109014283,405.941811584,362.899049825
370.216171824,383.030905787,378.694188077,381.033179889,392.837770964,406.201097094,323.966836521,366.643455933,388.090872585,360.672841885
365.291867887,391.420234128,395.958039481,386.297197442,387.308608457,408.248286368,339.563662442,380.074888972,378.806422736,348.533794751
371.959742742,392.139802507,375.693577609,392.238139791,405.524705923,409.580405701,340.775739077,386.308585366,389.59578271,367.640912482
373.129444969,382.576281773,396.135399509,383.515565511,403.635906536,411.525066562,322.756541354,379.835938296,387.175295001,349.738386284
367.413773452,389.385757664,377.770424779,394.994990821,392.872712732,379.133546005,328.887129765,381.149400369,377.303493014,337.029097814
371.085875609,373.986816161,401.983494948,382.36658188,376.49245361,391.807685625,337.30147086,390.469656172,374.165778205,344.570897102
368.416092816,385.303014272,381.17907686,392.069326231,385.116019504,390.399976569,324.29554835,351.494379328,378.140479071,336.886541913
366.207327792,399.826349669,373.279733917,390.951655089,387.527484015,406.797276982,308.522620187,358.840418394,369.925707415,343.50604981
380.851461621,363.498210646,381.198756312,371.32063012,373.46421748,396.788525379,323.191571693,354.692882285,380.96257453,364.028882829
362.681100818,361.942417613,363.861461658,377.520263341,389.368445493,397.020721921,328.725445336,369.391501951,373.790637316,337.833186836
369.423215368,401.905572996,369.428888117,391.737110738,364.350033411,392.575848775,326.165153334,356.439514835,385.030356431,351.394306762
358.497609201,372.276838237,391.190570305,375.634516332,374.006138376,383.070327297,323.646363543,365.508353623,363.227830378,352.8927665
353.552519093,389.212957719,371.882521951,371.206975772,360.912099604,399.531721918,321.03141544,348.559231089,367.723991009,344.948599647
350.228228693,390.264853201,350.255484637,363.10639589,370.926087798,388.573547238,311.898893656,362.597667708,376.331321484,335.670978856
355.296269629,370.413574639,369.923375479,369.361100793,384.183265464,377.766062799,322.885996878,343.199905018,376.877268307,341.287946364
354.279755975,365.629791245,373.815727452,394.421179822,384.364246446,374.578061034,317.640591156,337.700336307,372.84590362,352.401580271
357.33123239,353.622731304,360.104967555,376.713993953,363.763741974,372.188751385,314.318736775,354.339017464,378.039854597,319.858489406
344.278564459,386.58689966,366.487508687,362.939548494,374.754543427,377.019536438,322.311689649,355.825948339,351.80699016,344.783594515
336.351588148,356.337114708,355.302737486,362.705593341,364.424005792,364.364293106,306.943557298,354.32890216,340.098416113,348.350760133
356.291962049,362.540763034,359.899544717,362.567814494,372.973065489,387.926456039,309.248042653,352.749600114,356.374837998,335.519633694
348.861602957,360.438077244,355.137947742,357.554047309,369.907587929,369.433773999,306.737952332,356.472228578,356.329931995,332.929137794
343.984893266,358.033227894,355.582169359,361.244889177,345.306011197,373.108821736,328.911292023,365.684361787,346.807580563,354.163997712
328.077730999,353.703249689,349.181304973,366.601236514,388.925428863,379.422242671,323.052291065,336.893109735,351.829613427,331.988439005
353.121918751,357.466429272,359.63345491,356.477072052,374.631187061,383.099568874,312.353342754,359.173572168,349.215669759,336.636681588
370.603694668,358.359823793,354.200145539,362.743354352,363.046909488,369.849198759,319.572566086,338.021124584,360.836980431,340.645651983
341.333921625,349.694738064,336.207486011,361.771305558,363.571271983,358.907427788,315.04423432,349.634772976,351.301332389,333.388539744
340.166494482,336.837523315,355.196645337,356.333324998,356.167734553,372.342477902,311.768783282,345.164748531,365.42333231,322.773575992
334.892520793,359.824467271,340.420636839,357.495150944,359.559444912,370.857906002,329.063196658,352.393802086,365.849946162,325.249762809
332.713300707,357.272833536,352.678157508,375.950879634,345.86996955,356.181317962,311.630493425,327.569517027,336.177093512,307.97207278
340.906068183,344.448502953,346.292558027,349.36816262,337.57506275,372.935204206,305.398595147,341.692551529,361.132254231,332.475686155
333.752136483,363.232557727,346.264603407,337.511239882,353.101435868,367.333390865,302.637460487,328.598917548,333.243824637,318.58146151
328.33783664,362.336165752,352.940913066,353.102564146,358.690341047,365.780998273,305.225196144,350.676985103,348.844074102,306.920273509
344.838187068,356.488727024,361.559411673,333.051304786,347.035380379,374.928838646,295.545223922,329.520507706,357.300089299,322.10456865
345.468223302,351.324379161,343.026750754,353.694689443,343.421259509,343.088578054,308.37366182,335.723424789,365.051033958,327.182880095
337.017096082,337.765957763,354.473127106,353.097017136,342.641255395,360.225269599,295.263715537,329.727861635,335.996703966,324.646909766
340.542940592,342.086674741,329.218423282,337.705878089,339.808577803,355.402642588,294.28613841,329.572285246,342.914289524,314.558551611
334.20837344,360.987134021,325.540426079,352.462697836,338.763397466,347.996187734,307.053422664,350.563075402,326.775726638,338.854209611
322.166767229,343.764437767,326.247694702,357.015550596,360.23156236,336.574841417,295.169904438,323.445498485,358.934778396,305.524612984
315.781316693,351.357721002,341.621208255,340.312406393,354.321126041,353.249700918,293.560824165,331.961219493,338.663746394,305.896129224
337.779237419,343.106076854,346.940904097,342.049097981,350.774047482,368.210056623,315.610983333,342.70467872,336.22445103,304.426623171
324.742687397,332.418885346,325.668410657,330.062007262,344.184382658,341.892578673,298.013549311,319.254360515,348.145291577,295.575427316
326.974469953,326.638219138,334.301858667,348.94309116,332.697118381,377.60338533,306.412761939,327.204806446,333.721767939,316.112638484
328.109727474,306.528890249,324.019965144,337.386525541,336.959819845,330.187563463,299.910065389,333.084590968,341.292222715,326.458577472
323.471627816,316.93789314,323.810484854,330.118356596,322.584501214,330.06924848,307.929351633,338.683398723,346.035599393,302.764122937
314.231355154,329.396964329,318.779660021,339.675002196,319.16521521,342.227464824,318.671226725,313.815172928,332.580822676,312.086040723
324.036493,337.997059175,315.891657417,333.338866929,338.308468669,342.322449633,282.378150564,323.323364203,336.905221999,306.46800323
340.067231928,336.073444028,310.053994388,342.267236418,324.531867698,342.339539625,308.106543513,323.912832322,331.15099506,317.615146089
335.154293442,321.269474467,328.574348362,342.445204024,347.393652482,363.792354675,293.872863195,295.353200457,338.390810728,312.192770277
313.932284082,335.820816729,316.618826025,325.517120132,310.82760158,343.468894954,298.930958362,323.152674873,323.453947785,315.630965996
316.308080226,316.431321866,317.285051069,328.995105316,334.977317954,333.769182714,301.154566885,318.50218941,314.073692187,319.585608017
334.226457343,326.618163386,318.664653707,307.950790004,320.228909019,348.98932263,311.478586308,310.632719115,343.429075997,300.917648925
314.542341844,334.357433798,321.014255319,341.384938222,330.679833357,328.023662821,325.199666071,324.700220061,318.895756591,309.097095917
317.442115976,311.391206225,316.815523108,324.588016373,304.939533598,339.227351147,286.888462352,329.71816638,323.673670558,291.593703719
312.31767787,311.518277776,296.588512116,314.568117295,318.804674495,321.417907757,301.733317734,313.806410115,342.302583135,290.79688129
304.745149689,305.909472588,306.956209679,324.770104473,327.415821732,345.868794364,300.864720664,315.179995371,320.120912579,299.10726257
313.537390402,305.158439371,304.716696766,331.237784029,328.784065161,314.315182449,306.299263686,331.172797111,326.78494743,297.56147136
318.294432941,310.182564687,313.896498324,327.676145673,328.121262912,328.726746858,292.395760277,290.364356015,323.820434725,286.905224725
310.454390512,300.933040062,302.320970666,349.958255336,318.355196689,321.608256382,278.568180377,306.953394393,290.267483933,285.112191648
308.825917315,316.173111287,312.330294093,313.776329439,319.208964823,341.189629235,302.506808705,324.895906192,308.639799574,286.359205004
293.346334867,323.021186553,311.869135851,332.047044457,291.24881575,333.404073064,291.025361746,305.349008075,295.083039239,310.516227529
301.466526097,321.253961267,316.918102534,315.087821824,305.493386017,326.812332613,293.897504731,304.553113281,314.015495279,310.651568574
307.115622716,320.550051805,316.703580593,316.465767334,334.774859063,317.621632879,286.908282435,283.304077625,318.114463467,294.584610338
307.586555201,306.550624579,306.767055357,325.80016994,294.020468611,320.949366347,296.375448572,295.89098716,308.703856953,289.63986955
313.358119609,315.135934332,306.354069317,305.86435715,306.799265429,329.338356182,291.75913039,299.84427936,296.493319244,297.364264273
290.434463793,312.174353318,297.736003725,304.176281911,321.60380198,319.259865259,286.010201428,315.508003674,312.704285625,291.319812533
314.004031509,302.597938188,298.233267552,325.75989158,297.106094785,301.326012221,288.494508349,315.390217314,295.706045809,305.079964417
306.649469199,304.064857702,291.682143503,284.826922234,317.655553221,306.335298423,307.738181584,300.190178349,290.524002585,294.68447201
296.465383201,300.777426976,306.581631014,317.755593214,295.020225383,315.086145126,293.561700527,323.644071207,306.765799855,280.570432337
308.088593592,296.625877579,307.347541358,311.471871572,304.703135746,321.009155307,284.375948342,300.333120835,311.444845894,299.331698881
297.93850653,307.734221809,300.555391415,290.056272462,304.848365193,302.880427307,301.186041539,300.132832792,299.50940634,294.704394669
296.991469683,283.696679629,301.933146647,304.000210639,296.237853507,304.970239671,292.11990819,299.067526749,299.957170198,287.539622758
302.966276369,309.971958127,284.321052741,311.246292722,293.197456995,309.483300257,309.745706695,293.139756818,300.662313367,284.548014664
287.58926739,310.25503643,295.257258076,298.022313005,293.463330803,317.069315028,291.419984846,284.205565284,325.132122271,274.978443134
282.697571482,307.325047403,272.808156816,309.310010847,312.083769102,299.870484825,292.319092752,305.690474076,300.407259449,294.479338585
287.531781814,293.050096854,287.976843237,283.552272378,302.818439425,331.326342877,306.417163716,288.104198728,307.473631418,314.900856637
280.912968448,293.719048804,289.746022014,305.726124269,303.729548148,320.483165015,281.82409188,314.779475426,289.344628046,297.574943109
283.920468513,294.086499654,301.688464756,301.588020191,284.690749645,319.643944787,286.6984073,309.079270956,298.545565318,293.462298731
309.084823224,299.043612525,308.958674696,299.552350312,292.076307852,299.557085712,295.210700215,289.545797469,307.816383306,301.029953739
292.700625159,282.518849777,279.111850331,300.170350397,301.882320625,288.212024566,276.420044829,285.249796738,312.51288258,292.897717443
277.726521577,299.85734687,278.871758845,309.096483668,304.572003155,306.990207129,278.581784272,298.913226475,309.239567191,299.023525609
293.743092609,294.939926439,309.199512319,295.574764636,285.394053426,308.67474169,286.301575784,280.130340542,279.945685194,284.052167259
276.901493553,294.539685648,281.477360715,304.068036965,287.478543083,273.263183864,300.665439841,299.775298179,302.790226532,283.021218266
284.340407426,295.857800656,271.040577321,302.651052762,288.839430892,295.71071064,295.054814967,300.969986028,300.77012952,292.970729644
273.042285748,297.048887058,267.950775739,293.15415953,286.04616054,294.338605681,304.85619331,299.860966502,315.262234114,298.683315586
289.619028824,289.826113201,287.071046516,300.671895894,264.993593879,306.038196625,290.874111968,300.219040784,287.875156389,295.156288031
294.460217088,268.967141124,286.400675332,308.897957127,289.697631787,308.207256457,282.128087516,281.760911013,279.304159199,269.569099975
280.4729311,285.358953996,285.237411089,302.132320169,288.397463035,312.115967388,285.942599192,288.792267043,272.047654483,283.319925573
277.402468225,284.422528526,290.840890917,302.746046795,288.096195109,301.19397574,299.863488614,292.028991737,304.802492129,277.441487167
276.948955157,293.800609954,273.108957807,280.846039921,291.874337381,295.131153139,305.40157184,294.507169048,288.00001485,273.374666054
273.815630126,286.662016657,274.414648316,289.74874702,272.439181436,294.297527652,297.194902234,281.204934596,280.094598935,286.114439852
276.522846649,262.961674406,262.630975955,299.684663656,289.790474659,294.682484233,283.887451421,302.806728469,285.85793609,270.468380994
254.079551159,280.864740103,262.746080613,303.174024064,281.601511638,299.820316428,273.900746434,295.756630724,296.250539548,256.731493507
278.848693645,279.742383554,263.437030761,303.192379959,278.815830833,282.578906214,279.848438038,294.884120055,274.58852632,285.777163123
290.73772319,273.556591623,263.788346938,307.728068352,277.648745748,278.039386669,279.883251407,290.496300308,291.091590342,280.393141092
276.361705382,265.149653383,289.575165722,273.760270424,279.906043169,270.144435964,278.440078818,284.261351604,269.973410574,260.873766457
270.252625186,281.124199013,268.022653485,285.543265439,262.607170881,271.883083938,282.231657703,287.762376834,269.899038059,285.721171112
286.355748537,253.217968615,252.383501361,280.51980467,280.181475613,281.288575095,277.617963861,289.377356718,279.371877809,277.601094249
274.859177767,273.387890882,287.551520228,293.979052837,253.192577754,307.83651833,272.246669207,281.474764569,296.944378471,286.843130701
287.269949174,271.277259091,269.597028669,281.912596157,265.594331866,270.055130532,266.245878529,284.707640748,287.081238315,257.47546456
275.520541215,254.549402777,274.80620189,279.002040861,272.953295079,283.358427027,283.660921057,283.819515884,269.512858113,265.002023163
279.951362357,261.552054283,244.964927399,256.437910269,267.617347354,252.763689425,277.862791461,288.134680612,263.839354159,276.468190642
287.975545285,258.646573134,263.672958429,268.091516188,256.523244126,272.564388084,284.107858606,277.173990576,266.805534433,273.035597219
277.283898113,247.610077282,251.438183217,285.369413434,260.916971642,270.338501147,297.924600473,271.477655269,278.175663943,263.797121932
258.723740168,250.962457859,259.728500353,283.963109232,285.96501602,285.742789271,294.830531302,279.095686069,266.368036468,254.829359506
260.107144614,275.53269565,254.518765171,276.400269019,255.847412132,277.884513484,279.581856439,266.291230635,274.655250758,257.651618182
282.384800857,245.423696195,260.942062366,289.469015318,274.297628507,270.744770371,288.670636091,278.873878213,279.434001216,266.786408283
281.504584487,267.501812188,266.790380595,258.669727029,272.966491126,272.923447689,271.996921399,259.885382443,271.083607757,246.428388936
275.976943757,258.192472209,248.996392665,270.052345658,264.137811423,263.26297482,292.70641966,273.869269569,256.202639068,274.956534576
262.502798137,254.61544632,261.269963446,274.870060174,282.217549423,267.365999812,259.757438216,274.023250599,263.34301775,277.619904913
280.234712478,240.338679426,257.947336351,283.180858421,257.785532981,258.709684867,273.394828297,281.465299187,255.771899535,242.236344217
266.696029902,265.26747409,241.410474473,267.49248106,259.701329844,262.355984006,277.942929187,249.094121074,259.81176742,265.634871025
272.435496721,240.197136511,259.043155054,264.834178529,252.849110337,262.645444706,275.224857351,271.97536403,262.237832014,266.627044008
288.512473301,246.195552576,263.543551263,271.773135771,251.690512984,252.830229851,269.764376244,266.940279996,271.644088673,251.690413611
266.145316586,254.097604156,261.012204393,284.936857001,252.077380413,266.825625247,271.70405315,265.261102053,277.059293215,244.866283976
264.651397282,244.25214271,243.873347625,272.646633193,265.314757937,253.744681701,278.7520271,255.251264694,265.948228954,254.641384078
253.085613355,262.860177191,238.821749239,259.874113622,245.179210463,263.674513624,279.093614857,261.065599961,270.559116055,260.849615693
263.533091723,250.015596729,242.594546451,264.735354102,264.214504558,272.607222994,277.870668658,269.5642982,265.589700727,256.257562445
274.639281644,266.683650016,249.930965096,264.316704139,248.302388557,264.710744911,285.329755634,277.656595596,253.281637546,266.634454309
251.379312536,236.080361633,247.057121405,263.048599075,261.638077255,262.81444875,278.035892407,288.460578746,269.778144761,255.250665608
255.899716123,247.877166346,243.12198369,288.547139508,255.58998774,247.869710504,268.444602702,263.127294981,255.201860108,251.619380342
269.647421733,256.034889579,242.370350711,268.564413295,258.416336585,261.357627803,262.343816897,261.689813905,263.023929585,251.504678337
274.45364285,263.452746881,236.819042832,268.44022467,248.302664787,262.951895763,263.880647463,267.876754547,239.02108325,239.207684194
243.40269505,234.44810517,246.853104795,264.991279761,245.327261303,240.309533407,260.041836483,270.409760909,273.092138737,257.816942928
266.166665301,241.457154524,233.33619932,264.293172882,265.807174054,253.471532084,273.881989867,245.976695987,259.646173,246.098545731
247.229874301,257.984626724,239.059794987,250.778232392,254.551095621,243.983687975,252.276311803,245.750649505,257.963609836,245.741596381
244.434823228,241.189836872,238.085463048,259.939677235,247.275202631,262.042646007,285.395350626,256.70273712,242.618624151,272.435938521
245.923934321,233.34201265,239.97496494,245.368862566,220.516904699,235.762143667,263.318145201,271.058683678,254.003374641,261.805561075
243.082313031,241.058676188,255.915680653,252.831078675,243.570504008,242.501102854,249.857620746,261.871675587,251.936817313,257.397484555
246.630898139,240.506360147,244.177108483,278.646304739,245.546107898,253.096108384,283.99064163,269.99244344,239.8643092,252.24350871
242.07759607,255.08753022,235.494352989,258.19150391,246.186695326,253.274390312,280.62959526,261.394397695,259.657690845,249.47940635
244.26214591,258.680513302,250.361413306,248.065337884,242.77063355,256.497333444,268.06236477,266.471250541,265.109638954,248.577985466
247.346689014,234.797626946,254.530745786,260.996014545,243.295917225,241.885267361,278.289777006,261.744652251,261.757095786,265.027108407
220.802530732,236.24832987,242.563382306,237.328908006,239.05108675,247.059385077,280.304717542,251.863548673,254.187329024,243.791762565
253.968039493,235.672878237,234.470583308,252.199444248,238.339692401,261.660360479,250.068233156,265.450433884,249.171480526,242.077396589
256.208786562,224.298420517,215.443591777,242.998377492,237.895179396,254.622769213,266.877516342,266.930957413,255.301442501,256.295565735
258.102030085,245.425832627,206.879088153,242.6143656,252.829257324,245.812580135,275.192493652,247.063333687,254.34209122,262.268146853
232.551034681,238.588357384,231.674704779,245.748916946,230.172010476,238.645862933,250.783572755,258.399853346,233.904210591,249.187804742
250.608429105,244.687303031,224.879605211,233.711409723,243.733340122,241.113011236,263.520610514,250.230040626,236.018755508,256.398366363
223.679671249,250.102699154,257.092354767,246.793506071,250.634431064,239.77246303,270.862016318,258.922050274,250.90004536,240.981614988
238.84289163,235.061144164,228.428518777,239.211766131,247.024903309,224.541362586,273.702456433,254.77406532,239.692986003,249.756464833
229.303097996,235.649092918,223.860209606,239.726382989,225.832952558,241.994890998,284.911082686,240.021431458,247.895760783,255.322675835
248.032407975,241.73655429,222.230242213,253.548516346,226.185539117,246.982488176,258.224636235,248.873709072,233.973347754,246.378440299
233.775860385,239.557880015,232.589525479,245.200697726,236.967610894,249.573657959,259.502039947,247.094468754,244.3410046,230.490907096
238.203244059,237.971405054,239.760522673,247.188306092,230.697819526,227.541829193,270.46093409,251.612297349,258.32689259,227.225922715
234.523024837,241.484200392,231.032345858,234.304900636,243.332314001,248.881770819,260.657426255,242.799053508,261.282412661,232.951761553
238.56282018,237.297055042,238.051513286,234.748767787,230.061182352,228.040256336,265.795808099,265.721896808,247.967763065,237.310814788
240.945893334,230.956407218,224.21479875,262.703100865,235.987240488,229.242172684,276.099288632,263.667822437,235.276595908,243.025794369
248.624682483,220.040709445,225.161439872,244.738686384,224.540107574,238.808423274,265.361073877,254.787648256,239.653406034,249.195939114
221.973121961,215.797479691,226.864628591,227.79114018,226.334864735,238.353058042,266.534349247,259.144879656,254.971628942,241.891394282
250.919986673,242.757057888,224.764681435,232.588741209,231.036117804,233.762802526,281.032929601,251.67934872,236.389936257,238.995042638
227.394881194,237.663852615,222.809499963,248.756108626,236.19821324,246.015991935,285.081013541,253.726942519,242.247815354,236.366526799
250.11572562,210.89487947,225.685124788,235.322759653,223.94074784,221.000550112,268.241942862,261.026212748,252.073356177,237.8378448
243.289647077,228.268743066,219.133713422,224.661789032,233.328974359,238.012214603,290.795203769,247.889059206,248.320494498,247.22847842
253.14807718,212.104659254,246.466825223,242.449504838,218.451855656,223.101262863,268.192574198,247.959088342,232.463122672,257.805935948
258.365525373,220.83890625,220.446615207,234.564102656,205.721195824,239.101365137,273.267240453,250.423362402,241.085946609,225.354081221
230.730111532,218.627131477,220.658232314,254.133514977,219.390775316,251.701777684,268.560983903,241.288602533,250.07183805,234.53269658
223.453133145,207.155039552,228.034126719,235.452820477,230.278053421,231.509029129,280.310494283,258.281712288,215.744999722,232.98322708
230.644405668,210.65085584,235.648864073,250.644423558,238.952660739,231.081203944,282.551210662,230.905624664,240.002409886,213.208849902
240.383888716,227.511009856,223.272005589,231.299307311,218.612589944,226.630821641,273.219133003,243.120905403,216.981735176,233.130274491
219.326160632,213.866324932,190.462243497,241.457662806,220.89841334,231.375571348,277.458488465,234.597327099,233.582863235,237.749036681
236.843111814,216.505187919,237.599323896,228.034097692,225.916514872,226.687875936,259.713402627,245.881813757,237.608888859,222.226318417
237.128614961,219.981478133,228.993186801,226.135862826,212.159100065,233.850721965,267.131234887,274.202444905,226.452274109,236.804133815
236.032828745,216.725943087,202.242404097,246.710850079,214.241220525,251.950444985,274.011984682,252.770605319,195.519017441,250.806250125
233.390597921,227.73304917,209.768568758,221.665196735,215.522819702,234.291364303,260.921800927,258.60704607,228.984098289,228.85637344
226.979131417,213.517259842,216.736728365,237.482286843,237.231315361,210.387410821,281.632329643,246.660491744,235.13576196,220.845688576
245.365115723,233.60558577,220.197799327,223.651735643,197.614114455,225.801331147,258.120544834,238.541825799,241.302424722,227.31801696
218.711249684,205.300916786,220.244357911,226.621602212,212.233900308,220.380928267,252.470811021,240.902759349,228.537178623,222.239249658
205.889229165,199.999107938,221.644721262,220.072935761,215.463410198,208.084714842,267.723598802,246.050242252,240.935023651,231.95526034
208.018631294,219.242549498,204.69916554,221.184360839,228.690662818,228.756611406,282.026785234,234.790606358,204.495621387,227.390415599
200.968937501,191.944444883,226.555762237,213.393632441,213.634669029,221.693524065,250.838431009,232.369135334,222.162462305,234.542329356
222.604602835,194.686786037,208.140788996,232.08048258,207.195850974,214.85963555,260.082283841,232.262106093,233.399233665,231.560295602
238.555656111,213.553933132,202.166038473,231.374119456,215.265503689,219.139818107,244.553962235,240.211973015,220.526370352,224.657733149
210.505137869,195.027812607,202.966781522,225.026257158,209.147316352,209.855758348,268.715235777,226.758921178,212.53921679,219.245557202
225.387913399,192.907790088,222.620114537,219.891317564,214.933429687,223.96535671,256.15823603,211.749089481,211.441517016,219.608971447
226.46920655,221.94524339,211.081910348,200.31234505,222.588942321,221.473080262,256.587330503,225.152970102,233.970744983,230.788456081
224.509461025,190.623998421,214.019649982,218.409726253,214.433682891,230.225225963,262.275015282,233.353862066,221.639005361,234.633036704
227.431097179,192.16697303,204.514461423,233.907204911,218.377589414,213.911480707,247.890472891,220.003603376,221.570992837,234.103320212
227.733768945,206.205861361,218.116614046,222.694224566,201.685299904,206.794613418,251.372867765,254.078266835,219.908016773,222.257941922
231.319844281,226.597777123,191.964685616,241.631315661,219.721089519,199.340159789,251.209917076,236.359370075,227.14441785,219.42737344
219.19854689,197.476197315,199.309913709,218.607472019,201.572011165,227.380541721,261.770388088,234.100587116,238.206067389,243.853689281
221.486623665,204.592379337,202.54787946,234.279059207,212.668672471,231.781893484,246.557635766,238.417318051,219.885957313,215.075548082
223.443567462,219.569929541,203.009879409,224.30476827,217.376687036,198.897585711,254.095424332,237.828085855,232.396651022,230.978629547
230.200372934,203.62153814,214.610801259,213.360505548,204.434895477,222.326220151,277.689528261,237.619132773,226.979323151,225.859068721
227.426836657,217.71395794,189.555544986,225.858725004,198.511301731,215.214364442,242.112049533,243.081693803,220.931758467,229.914815713
224.375484451,211.939390799,206.578941511,213.158300773,198.525659581,213.537479307,255.842716431,238.513662707,229.233179952,212.326817693
214.091376662,200.457836665,205.208259919,214.72966963,201.462035611,195.802490936,266.274504469,220.023460186,213.317140815,237.834098625
229.765942302,193.68119275,200.948640063,216.696392448,222.480931496,206.615056283,258.088567265,224.402121303,224.199054334,199.08172897
190.539775132,205.284130477,197.426683032,230.956200085,201.614413979,201.272596377,260.590919394,240.965216532,227.057952014,215.823785587
209.666786775,209.725487161,209.523482275,209.052650504,200.121513696,194.236672082,271.41235983,228.559258973,206.878189989,212.935358925
214.69081494,213.306694375,205.964893187,201.372147022,199.334085806,207.739035139,250.663907947,222.353605682,215.862319562,222.803117567
190.969751673,194.300490554,199.994042028,220.283614408,222.24649888,199.643905375,254.477514462,231.409413578,189.227605019,228.991224399
221.095520208,197.517461013,193.75775991,210.443544236,198.593202243,207.444802462,257.392843782,228.913813091,229.085416804,219.757290475
194.150388122,198.924755906,188.133835826,211.150342136,201.663762214,202.555869923,267.469960958,230.668158004,199.802911129,224.64712339
185.422321727,207.445897413,215.465974008,204.841386763,204.026841143,209.741238255,268.145797906,222.638880311,194.341277188,227.351006134
210.665341486,207.09757713,189.009089916,222.832983773,206.076162023,201.399346198,238.369023235,222.004030871,197.335633824,209.978420231
205.484468619,188.326220929,188.624246861,203.620811631,198.922904088,213.304021765,252.507308222,220.658716141,222.04467269,226.857844974
223.064201574,188.084199736,193.422962089,215.925747846,209.048312757,203.982242606,255.33453957,214.875687612,224.106434587,196.425444603
223.132188229,187.391691255,191.707438869,217.948878528,214.28054419,211.477952231,262.806758175,229.741108083,205.461104528,211.554979412
192.917201645,189.209863388,202.066652342,228.647510014,199.599817054,198.137922595,263.16688433,220.976162639,223.460101729,221.478615189
214.965451241,187.524779793,202.897170926,207.286303956,202.009345863,208.385627954,261.344820509,224.283682225,210.013012523,221.972205565
198.570550975,198.287811835,189.199261966,221.037803873,206.121578136,180.330168504,245.240714323,219.685441236,192.752945016,225.703199918
216.748266333,177.158223325,182.964448392,205.401292664,187.140827236,207.010785394,243.441466685,218.805846008,201.794962025,201.864338435
219.560849148,194.679551259,184.266875855,196.060626599,205.097381036,197.197180796,248.294394475,235.479334615,201.577817717,204.791100932
211.487244437,192.650675278,205.326505339,203.753749833,187.17734398,223.670090555,258.675076464,222.382452764,234.195886251,216.976274758
204.7488796,202.563991413,205.417950867,215.388748575,208.402438237,213.11374088,251.581947907,221.995246138,198.938494992,228.806634216
208.831987893,182.540187002,184.051994899,204.712150022,212.842269148,189.306719004,264.998700378,228.065675269,210.998084104,213.339569697
211.345965636,188.228962943,205.200257936,209.910914199,188.032900499,197.977386369,249.955372116,226.928482476,217.444338381,207.505462961
212.263173262,190.306098073,197.228185032,212.704484848,195.299264564,198.907551199,224.320748573,228.515389096,215.835481648,214.91183207
193.274527783,202.064111039,187.732890949,210.664335717,204.893138401,201.615815363,250.267229544,223.098011501,203.00318398,222.929019511
197.089868627,194.230960017,187.939889153,207.83932648,190.545214285,202.097063353,240.982601837,212.406151244,220.946627258,204.025327145
214.691782205,188.28919227,197.720192884,213.453009356,186.790318238,184.019982773,242.798984143,200.502762669,200.822995737,224.914445902
183.036219254,182.082417412,206.117751345,212.107564417,187.093493964,181.681882447,264.324722742,206.111654935,197.229464596,213.401491262
217.281071975,186.252389143,194.890701414,201.783567836,195.123973706,193.91503911,252.67097778,215.971474063,199.223074797,210.031705492
203.860267826,180.742967989,212.764496298,196.195616317,171.992825632,177.796062494,238.727036302,205.916586759,198.85787814,201.630113136
212.652136738,164.286411448,188.754391307,208.386153954,181.651126425,208.840675901,260.256278292,228.320897817,214.909884235,201.762290413
208.342374952,179.217350374,188.87701143,203.769239696,193.343760593,176.301965815,252.936534132,214.744131545,208.246506002,201.920668656
223.005412152,187.402756214,181.478012042,202.729240656,167.746094013,197.911662865,230.647894266,215.814953294,189.021512056,219.870681876
215.295978127,184.395256146,183.826284938,189.942319713,199.820141198,192.66105832,249.648832222,215.072821276,212.726840986,199.890960479
182.609535022,167.845289331,185.739480763,220.38775206,166.766935635,193.672520025,251.611413832,207.759916284,185.475628222,220.307400735
226.184360915,167.977130462,209.033419091,196.279966726,181.464624975,183.142915626,246.883268943,204.469861812,190.908231469,180.74942334
202.983303233,183.177324008,190.453738968,202.605973882,201.196371365,189.832582577,238.058335909,200.970759585,226.259505104,218.785512027
175.961957618,202.897554,187.694693974,195.767913703,202.691484557,168.31976265,261.07604346,201.117994749,187.897806996,216.084168419
197.301454096,183.196692494,172.754380674,187.59561491,173.794702706,192.839580006,263.45472178,233.743773113,205.676151979,219.809013825
210.00371773,190.573769309,191.77102638,209.625492228,199.521876801,179.777016919,246.974938172,215.660822723,196.31661722,197.895066833
206.426222979,169.902249564,179.335149502,199.747735522,183.086699784,178.988698495,237.273840518,201.853306583,215.012971248,214.242349698
193.37807686,176.12416787,195.379015918,201.996724794,183.072828499,174.815166006,253.055733085,222.564277262,199.245430919,206.729752763
195.075992424,180.992797669,162.303979957,194.609169357,195.56297972,185.723391524,249.031175332,219.468225953,183.677453671,196.129115939
208.847660318,176.190915491,191.200438112,184.144431277,181.835942707,194.603536899,239.674344221,212.092027061,195.380652,218.392638237
196.742073194,177.385572253,164.433212958,191.71059742,177.111534187,193.244891761,244.609397859,217.565247472,211.800200477,196.901977298
216.635459172,161.576837787,180.266238379,198.34301014,185.022574956,169.716932623,250.211053165,201.822090518,188.435878524,194.449835274
194.462781273,173.01686844,169.761217756,192.361366,195.531569428,189.756556534,234.7660018,218.716492313,194.772727353,197.905767593
188.174502242,177.792270646,196.048589676,203.086233304,183.900056622,185.096563598,254.959540416,215.250943332,192.551167931,207.744641036
205.440019395,177.004868216,190.905204973,190.258307097,177.501146664,180.008023723,251.813591784,196.351657241,198.663364396,188.889011137
174.455954998,202.233589511,185.112493905,184.913093598,185.06879388,164.489251171,245.549777049,206.513830363,205.685159659,205.739124952
197.337549288,179.066933746,175.559723873,184.083407524,184.33425678,172.507948755,248.319393726,201.884965164,197.373799449,224.700318549
191.962934486,170.228800127,174.099544656,192.642177123,194.023553833,186.412193546,250.404261917,193.967908745,201.033357526,204.045188982
191.601395184,172.24545751,156.320106106,185.075539486,178.770732217,174.169684395,244.982212999,225.52735736,209.917127959,191.387612777
208.511395142,177.112254222,171.775691389,201.827984795,186.535450121,190.541278459,254.931922048,223.988660125,212.184651147,203.257387492
195.213991225,178.51147485,168.128185471,181.59066312,185.836108797,193.820625855,232.858215991,207.700737564,199.962063097,204.747398479
181.586813184,160.213529912,173.981497535,167.981973246,169.620460919,173.835696698,254.822558477,223.648999735,184.35590708,218.128486609
209.662356307,186.175064515,175.261613667,191.555140204,189.111598575,203.482704398,242.196005728,195.189180257,185.429699654,214.546522743
193.759809651,161.25094492,169.678743943,181.928428973,188.759412296,173.406377136,243.331347286,198.934110866,184.132648146,198.659608322
202.882587021,164.918478704,181.265686515,205.709706693,173.799197126,190.061927538,228.733112938,208.933557018,185.537947405,208.824327284
196.917124445,178.571873255,178.689582314,193.417417632,179.113874377,171.737852008,251.704463123,199.082879779,194.434350434,210.386171848
200.578959665,181.399257224,177.173901148,171.083534904,173.113890815,185.487705058,260.336983326,210.262240444,186.827081945,198.558383505
187.212811339,166.927426516,173.187810426,179.960994028,155.97801783,166.654800659,252.088997686,219.96451767,204.927542049,210.625068115
197.188005443,159.581055118,160.705020401,190.050928558,178.502274996,186.251643521,227.831914859,197.598179173,200.739485973,194.499928132
199.608945614,176.807643108,176.698702679,173.474897834,181.059109398,209.343515738,232.127308901,185.477993796,183.242878195,203.709014669
190.295516653,180.834780439,183.108086575,194.641336203,178.824598631,179.861670733,251.568784432,192.826335625,183.789471166,189.33894592
187.227831923,170.825006646,182.017464312,197.10112559,190.744859689,192.138542188,241.738399341,205.391666265,178.220754029,223.874557036
195.143367221,165.242362172,162.586159971,183.931916129,182.371176436,180.840074853,249.259022829,205.35880023,196.452629867,200.292330302
182.327140791,161.908763362,180.052404029,185.150021567,168.460797012,178.268735218,235.284548624,202.767799716,187.637436506,187.769342483
182.161463196,180.984678973,165.795706895,183.356103862,182.260831932,192.01793601,253.428261465,199.210428723,190.916980583,214.626167024
198.233634364,170.233512354,171.541644668,183.305670561,159.963852841,169.519457663,251.99003557,207.431078959,202.0618459,187.440528272
176.382499295,182.846428311,168.432647055,192.647406535,174.183529395,182.094507687,241.412337633,206.887584027,175.365660437,199.80730603
192.146808243,161.79950472,159.45690126,180.696040987,161.35930661,181.823397237,234.453475943,217.033683622,188.817357604,177.896584437
198.640549851,149.754718884,152.164710605,168.755354871,175.025854991,160.464347811,227.908017875,188.493131803,179.833501443,201.94078019
187.155792022,168.924900386,175.784435237,177.459974729,175.679702899,169.633651582,235.098710961,196.363398297,176.710267696,205.242565405
197.240958542,149.990180549,175.994542646,176.852464203,175.29266412,187.678702712,239.92123928,212.527321604,187.457989905,188.703378213
182.504312481,180.083873813,157.56662563,180.128196589,160.648513634,182.465589609,243.500872311,185.537071681,183.975234827,189.018304667
194.976482642,156.107124784,160.941970054,185.332130911,167.316579938,163.791833268,215.248527956,199.879284488,176.242532016,190.871568033
189.556833731,176.579957879,164.245701761,192.569497381,165.695943484,161.369929604,240.610088315,208.127352749,179.844647565,201.174354519
175.69930953,154.986974616,160.319050765,168.638215657,166.513229284,189.817219366,241.249823552,197.732677175,195.326601115,181.117013976
189.891968384,165.798228204,171.51629402,188.72106335,162.233970932,172.569842739,249.873555713,203.931841797,187.852072469,177.669106475
189.706397207,173.387929346,144.612426925,169.795610667,146.010916311,164.964345305,251.532324788,207.036162595,171.300960387,175.522421057
187.208716236,155.096791749,190.41489118,176.752509191,163.951673433,158.35442811,243.659143601,200.104271891,185.669541605,205.051790107
167.639124185,148.391733495,159.274829944,173.260407232,158.20091971,171.405288794,217.925225648,199.282911099,173.445949473,183.961267664
182.148122111,168.434947236,174.471521287,175.522445005,155.362460633,185.785486039,224.795080407,213.178946486,180.912792818,199.92376833
184.867211156,168.069562199,160.776429279,189.857753774,171.760883418,168.377308102,229.696073077,206.178258417,170.622902793,203.470755594
178.19387367,168.143716123,173.940203397,161.779327359,138.428206841,150.040066513,217.285967844,199.142070843,190.625745055,197.45087064
162.136389895,149.156812329,159.571916715,182.546976408,160.068522754,166.000280359,237.035481759,194.266747323,159.941355106,186.858478631
176.482653873,164.536165551,170.781830487,173.271424373,174.515803653,178.205329451,240.847576161,191.03295204,177.660228687,175.187081787
175.2886189,177.88384474,160.213642228,180.508514146,171.114407138,173.378193863,240.695943781,197.966889166,194.318591409,205.830360041
190.498789554,162.740218439,167.242563133,181.533544045,142.765495083,146.676210867,235.284139148,183.486572263,187.52225669,203.321197614
184.324445017,154.52147181,150.684677997,163.10544737,151.191862188,161.901031619,247.867995793,209.058280875,170.300694138,213.94103447
179.808409111,164.645339403,150.872020622,170.994639032,169.02790435,187.377538072,245.005887356,195.667741212,176.69839051,191.81638966
170.431679236,166.53278157,147.791918127,165.518833721,152.522358238,170.625158529,247.908903278,187.943199827,171.879337887,182.940649585
184.992090616,151.092761372,151.686472847,168.709867496,148.932228016,167.710227787,238.581850272,204.284052244,174.174733893,201.95473116
188.92548105,142.426942215,142.94230169,173.118987082,171.368309602,169.004423532,234.514444813,198.023251844,187.745131833,195.077075368
180.138762274,155.09893131,169.220957263,149.556672934,144.704803612,160.224236916,237.56103187,193.923255106,192.607427491,192.14763497
173.733970824,169.145167595,179.258773365,182.297681733,145.018678958,158.929635045,229.681763343,190.677374656,182.381341474,197.494649335
190.036393991,165.538782744,147.552024307,173.496271948,145.878400426,178.128809477,230.601595916,192.555473919,180.627313295,185.538992654
170.110876614,158.373226597,156.198541878,180.188199155,167.646150581,171.192638934,231.879017585,184.508610356,189.180482714,194.225676482
184.694146072,150.232680351,158.908616658,174.87696229,139.729768088,156.911196467,243.955086797,215.102423756,181.110492783,174.705604249
176.117018095,147.344533116,151.126556753,170.732724861,150.466506722,159.324283769,232.428909037,189.486684511,192.923699208,187.062971524
175.994723993,145.839826244,159.73785423,170.796922672,171.235421201,172.537223529,248.611773678,191.819449973,173.424547559,181.776921486
186.082938503,141.597164131,166.680341334,164.708567704,170.911684086,176.061573339,239.553899752,189.037244744,188.311737288,191.979204604
182.940590389,143.039123555,141.289090168,175.593145298,154.354162191,148.440233477,222.339131985,186.555191133,178.292548629,191.59711976
191.388701616,159.394320092,155.291960508,174.837177935,163.099618342,171.303658502,225.592627232,194.532803596,178.640426156,202.972846179
166.483118357,150.145871138,159.880440864,169.663275554,146.64081241,151.266653568,252.94221837,188.854549712,187.210942667,178.980936383
184.677157295,179.880547353,161.727283128,177.619279816,150.83511466,150.719880536,252.448981688,202.557817352,162.465298926,172.620588705
172.117999574,145.152562813,154.412303685,165.251872906,157.476136435,169.974835204,228.151001739,204.97177418,181.072069852,200.308280493
174.880276895,139.541076965,162.911937186,156.00184076,140.895043798,155.324401649,238.838348066,184.477151452,187.333729382,182.78873353
174.328523982,149.442217929,161.0973191,166.775216883,159.761764595,158.341053528,233.376639831,200.145489822,177.969099662,182.654283153
171.314139335,162.867973673,152.299595215,166.326228255,158.929975064,133.143971558,237.926104271,190.137636121,166.469279653,170.958663
187.058073128,133.989458136,156.70102395,180.353863089,148.847597825,164.751863121,248.924246152,182.575629073,187.515581645,182.339614261
182.336262748,165.40582121,147.640831124,169.20054355,153.145284638,145.80824551,211.599358647,192.090679104,194.755245379,193.589520977
174.293272121,158.071540289,153.362372777,174.199483627,157.394971235,174.297604405,223.300251134,183.198842871,170.142742419,179.412233923
178.559104407,145.185280389,180.970508398,143.119061808,147.354486176,160.369952599,246.985565292,171.172980346,184.969549955,188.622122809
176.020810861,158.424106727,156.65013856,164.092699786,159.081303302,149.871490783,237.905221897,181.735894144,163.318154482,183.918280086
171.433682766,161.721507167,162.552419917,169.648699006,153.943536494,159.124228048,233.781408008,192.053548059,167.471204301,185.013557939
190.697965623,160.221570043,166.671179647,182.059467084,150.458657848,163.99009764,229.849858073,181.920176509,152.438500176,180.538796075
163.766868685,162.93706957,150.509731868,165.758617832,132.435488945,167.920567704,235.942839962,178.063257934,156.87228323,182.873997322
182.775095637,157.248513639,147.77960074,161.30611504,162.524660999,147.874598168,222.811908894,188.559904745,199.335129797,167.388614119
178.677510321,158.50231703,147.679840353,141.376835419,161.426056437,152.427828707,238.170264328,183.146795852,159.22552452,166.142816118
163.85134432,145.728020005,141.65890266,172.682382479,162.466950514,152.293078556,240.951238973,206.513769214,178.427442514,172.688834418
170.578969603,148.993638408,136.437534807,164.164801682,154.434794009,165.449095655,227.084509905,195.920035229,163.35111313,180.834576297
173.619745697,152.412460474,140.931607313,171.396149752,142.218946091,142.303411173,238.128841171,186.104369322,144.801592659,192.531203922
173.886347591,146.172549512,159.638981992,152.723771762,133.837686994,151.60422723,218.57595746,172.051625643,181.436868434,198.091613696
165.188740981,174.912160634,141.799894385,164.308024815,151.509576259,146.285506628,228.92516029,169.257628399,168.116118511,170.651277696
177.750111669,142.252148227,140.346875538,155.801768858,139.521654057,154.419152999,230.079135947,182.867144871,156.858607822,191.34967972
152.014186808,154.007069887,137.829689215,167.701316439,152.974739821,155.646515211,228.698098264,182.86211476,163.440995998,199.439099581
177.11665005,150.958115451,146.527007123,165.78314699,159.381078475,152.393796648,226.725200895,186.201352511,167.35786442,174.391932373
176.145371256,138.266910711,160.205861807,155.730174915,145.672237118,149.063853681,219.214478947,185.274241752,182.599449237,169.167277855
152.886287874,144.89106715,146.949535888,154.77438186,149.070237991,153.775776673,229.110769371,188.472172205,175.234962829,171.87848161
153.683879074,144.303785145,148.425114854,159.104892042,155.285953587,152.664592947,230.586389887,196.50327642,148.990539497,201.514819319
183.905322162,147.301339038,132.508991987,158.87485606,145.317742518,155.242095701,205.135781752,172.034191896,184.985044597,188.863555894
178.408450177,131.025447468,151.298471356,165.674319254,152.138267337,152.706229906,237.311918299,198.19425066,151.87792542,180.427291539
167.302077478,158.76778121,131.475439745,160.274362525,145.285258843,122.040952304,221.933556111,194.937604795,174.297993181,185.445057174
165.159555978,139.19922853,133.494437143,157.124927889,147.892186345,156.355898342,207.156170608,195.710249646,162.420305907,178.149988106
163.308441126,145.655685108,156.162954672,157.435313863,182.47334046,147.686394934,226.121452277,177.091825256,154.224036542,188.975942452
176.252836851,148.258993085,150.827560972,176.798853377,160.998708295,163.096630343,231.439331107,182.321762618,166.290434306,167.306424628
168.39248502,130.107952164,125.345798441,147.568321719,147.849428996,157.136646178,224.463572379,171.406836828,172.762668797,172.477786002
153.239155308,154.127670945,159.669568364,143.004825661,139.68515794,154.136887996,222.483381693,173.486649586,180.981822136,176.668060938
167.12179462,155.802043544,138.44887898,157.360486265,141.600033008,144.106341896,232.49759222,161.059610823,180.027643637,174.473708874
159.789297383,156.409538234,140.953750481,165.83939861,154.962353734,158.871929617,222.720718829,192.879931301,166.65520917,180.837490804
148.585563686,158.710556355,157.632815834,154.917251261,153.33618064,147.168540097,248.29306346,179.030552367,175.603192183,176.469846346
153.159896327,126.135328319,146.177946356,161.647000137,145.123722919,125.61127413,228.71803556,183.597231209,151.016687814,169.165759455
149.318813585,128.371516019,136.832992754,169.516851205,153.254457617,155.14379001,225.27915857,178.915388349,159.981916931,175.898691039
170.448178716,142.907378926,154.31065901,178.629153335,147.188860046,156.991354779,239.404087692,181.548365433,148.313649168,168.944746726
189.938366667,112.518016806,140.168155804,166.074190761,139.609895896,129.596999681,216.216730113,175.206989509,151.753006793,177.54737749
169.947019999,118.086843115,142.887524606,163.637199818,145.6542047,145.756027597,225.412794714,167.670960341,171.838804608,200.063621381
169.379294124,129.753730574,126.92924707,165.764735871,159.585403333,146.92997103,227.717481242,178.755857225,180.983634774,175.180377827
144.497390023,129.750654941,150.149046276,137.363700863,157.655685204,139.782665677,222.254376622,193.522524514,140.566786027,169.962987312
162.96949709,133.698649642,141.846674201,158.93474435,148.402464892,151.713610741,232.328046966,196.239738754,151.293831013,168.353832348
141.975895007,129.847206064,154.363170202,169.024102497,152.405018233,145.357997854,232.146123863,166.89202425,167.824743012,183.544026953
166.924618864,139.143890366,138.049958084,155.020642034,148.876934419,163.039790787,236.119635656,158.814132171,161.559258084,179.268642547
176.890105788,129.046740951,137.956497236,155.618796451,143.895804653,163.16238308,234.772692968,180.056096799,154.227428658,179.017504873
159.008631577,135.340994947,137.772037964,151.013442231,131.130440032,147.440934945,219.051066987,179.99324857,163.654885774,155.293053322
165.811664301,142.087772883,137.890651493,155.5687482,144.331125616,135.855102693,215.523607188,184.97087889,142.861047539,181.132477331
156.582451891,144.591423331,140.297709013,141.28982434,142.741355356,130.125099849,216.15074348,194.328985151,143.940028009,173.381365811
153.795143102,142.172484585,132.547997198,156.466593479,122.626804572,128.804916869,245.33193011,179.172798151,165.155898977,169.117365297
160.907118303,151.011281784,144.228894594,153.77683215,144.889349189,146.951120908,221.498646287,160.834784007,148.993094338,169.451738771
150.205805206,134.696518815,138.040484685,160.503306168,148.98149361,143.930588727,224.677101221,171.854059857,158.829246289,169.170798881
149.037885144,152.002008268,144.061598976,163.908403329,120.216607202,160.853570743,232.848832235,178.962103907,162.721880937,172.7037271
144.34970873,118.714326015,133.592768038,155.495330979,136.672689265,149.344918127,224.269675019,169.958885322,150.569046605,174.029342505
146.414563872,134.383984726,143.205232284,159.343899617,139.935800533,157.527261425,224.989767757,178.038204839,156.526079395,157.850666749
160.183865218,143.16748661,151.118066019,152.739088916,148.868295003,146.891848317,227.114278787,179.253890421,158.56051066,169.865357244
152.456702453,131.067372012,145.333555005,157.789913138,129.675237815,147.908760937,211.481399972,177.87028373,147.270529178,193.835619665
144.062703787,140.546737999,125.397997979,145.705651876,138.647163354,139.70512498,231.100455787,156.522671793,152.126558437,173.30611354
155.725770116,138.714064802,147.267184939,162.08546524,135.041219036,151.3339175,243.252163646,196.327992998,163.744368523,164.86785216
145.736128812,144.956098996,144.256648564,150.307592857,150.504861917,147.189023739,225.219161239,162.307212533,162.738726474,176.281865452
138.879580993,127.315569553,145.502074131,154.84420569,132.071679716,158.44806044,218.531175758,187.598622084,151.725488361,182.645292665
183.426225062,132.788910188,133.188677995,166.188471297,123.165164881,142.018415991,251.147974605,174.762417606,164.654732591,183.606786221
165.384055425,139.355978279,146.130498549,156.56192266,143.875695632,130.009475141,220.115726058,159.538859511,166.756890467,171.64176195
147.478039585,132.145415324,135.664983719,143.166532928,141.92188783,137.361216553,225.936876523,178.039006717,149.901619245,158.914727712
151.814266851,123.754195032,141.71143197,156.811353913,141.2150037,128.486192694,231.904667891,168.238534283,148.523403893,173.392166626
173.440869694,148.99664779,124.04658071,136.009865114,143.280856478,158.065999664,239.91095769,165.872701701,158.418833488,165.338318728
156.026211524,131.867354866,148.094776898,145.83140269,119.511046636,143.325249233,223.671486614,165.51965548,140.405862426,164.431116124
135.113752531,150.121872769,146.025744214,141.024491215,125.305418407,149.008661142,223.391387574,176.928204015,153.659013114,164.667625083
172.683741707,135.134593928,148.801059127,140.202765873,130.960316866,127.492051078,217.453673622,171.508785101,162.429456526,161.653820638
159.075739498,118.134120135,124.887671137,151.003152149,126.728548719,150.419736631,232.958147294,173.868987058,161.303420167,148.529803843
166.512346663,109.980655645,121.796746659,146.917098713,136.872304632,136.785490984,218.063261358,159.912136766,160.214712109,170.091531545
167.341381182,145.112801946,145.355739783,149.117155445,135.988025657,136.800571921,232.906203923,167.761170016,169.389310244,160.260990768
167.479377632,155.793552247,129.158965195,162.22734855,127.461513061,131.507272699,235.093130957,170.707169347,166.071257018,174.463373594
152.604121842,125.593841137,140.396654006,129.424549227,131.619250612,133.45662952,214.297786677,167.318818838,149.705178339,166.612039006
136.337129404,141.046307865,140.585598089,128.937565427,147.581253923,137.390299197,247.145841312,155.344576205,143.769672882,158.837616607
143.114067425,141.741232549,125.501909122,133.892091258,143.87974667,146.284992924,219.678400519,170.965359337,155.185773967,168.812353904
167.337689035,123.261556312,144.967895175,145.792235937,137.260452933,136.272782813,212.373461767,174.168870596,134.485621554,156.9466987
161.610860599,133.181882988,136.152092694,132.582975035,137.660742107,133.799577105,251.920883064,168.485846854,149.729139916,173.148278713
149.075609444,129.033075243,131.985203407,148.292513296,140.234999895,131.975058049,221.319836188,171.109296141,139.67965227,191.157182571
162.474570313,145.84024562,147.189886183,131.801150438,135.06839868,138.09029537,211.159588678,187.979699992,141.269348588,161.558266006
168.264950145,132.828440658,125.809449179,134.893347555,124.67830456,140.058390725,208.742677821,170.484994632,137.607894463,172.57582892
155.222522325,142.552838088,126.981516416,149.188637542,129.591199082,136.711595343,228.084937142,173.806738159,152.696270792,164.487596059
149.955581719,120.754674639,130.795381928,139.83883043,136.283269222,128.276407236,221.132725092,150.894405047,162.372626275,158.150263668
160.911562659,145.72685482,139.430284519,141.39030267,133.789489602,141.632433137,202.891909806,141.494052469,173.184272151,161.749390351
151.352199014,121.641386673,135.445436262,152.190319827,122.135024949,125.451714458,205.698609113,174.940660513,148.899427199,180.395396898
157.6052652,131.798519549,135.381044508,143.34614151,119.714727103,133.238558056,217.658362704,184.210371989,147.702835172,171.541054766
157.846376711,123.921943956,130.224950168,130.295830809,139.301865768,119.426569499,218.190814633,167.877003908,151.160070256,150.283156208
133.184901627,118.14628502,147.558592012,136.71056912,126.511295356,142.664399861,223.074177107,163.003684657,157.237528567,172.340747521
152.228986418,113.922615558,128.000348312,139.971426231,140.770424984,151.87598258,215.274776075,157.945437845,153.361595304,159.333806303
149.470056095,131.397111346,128.984538458,136.518609884,133.015311439,141.421286284,240.15183306,159.781298389,153.372068551,183.181798355
129.3428412,138.955139097,115.900474802,157.790873594,123.029021371,140.372270106,213.745056825,161.869183275,147.925462726,154.827237099
136.77207596,121.354237099,148.036330732,165.791634042,115.989495376,138.135004297,218.515759256,158.045514496,152.130272229,160.199348807
162.27682989,124.726455433,123.326013357,133.697199228,128.78160117,117.663701346,230.176438283,168.464941826,155.140432392,151.891019454
169.108000287,120.994772974,150.814826111,142.489418438,131.242090214,114.138907799,223.26936876,172.530458544,162.043275788,150.392906126
140.512551595,127.269911203,151.928238603,134.010670161,132.668820809,139.729571486,225.529654245,161.000287009,133.700601426,167.653442905
167.591943942,126.09312838,125.144472159,152.880915832,137.312874759,155.86372555,221.892745748,174.037201009,135.012301772,169.358648003
158.950669744,137.836128269,121.450688894,147.350736872,131.908991934,135.851193256,201.355543648,174.340095431,143.749806454,158.460773982
